Origin,Destination,Traffic_Delay,Distance,Vehicle_ID,Vehicle_1_Capacity,Vehicle_2_Capacity,Vehicle_3_Capacity,Vehicle_4_Capacity,Vehicle_5_Capacity,Load,Fuel_Consumption,Latitude,Longitude,Delivery_Location_ID,Demand,Delivery_Time_Window
0,0,48.96194770167119,41.334806982382815,0,1718,1420,1237,1855,669,1473,14.095245109478183,40.74474115788895,-74.21630368360877,0,144,Morning
0,1,54.81267994115108,45.3241084965572,1,1020,1986,539,1784,1918,1607,13.573600920924987,40.61685785941409,-74.08018289402378,1,444,Morning
0,2,26.46403061074147,19.310156373733875,2,1454,1749,1483,1647,1474,1545,14.645204722702086,40.682427993686815,-73.8288944231642,2,280,Afternoon
0,3,14.774472444618072,9.952336603745454,3,537,827,1774,1699,1413,1982,12.600940784380972,40.57986951286335,-73.99145933695183,3,269,Afternoon
0,4,24.68984625488786,15.257082314387375,4,953,536,1839,1472,1295,1348,9.422987623809103,40.736965827544815,-74.272129752368,4,455,Evening
0,5,33.15488368161231,24.21985048818153,5,1472,1092,1637,1563,1824,1905,8.119519904951304,40.74301794076057,-74.19768552578762,5,290,Morning
0,6,61.14954828686871,41.81066446651219,6,723,817,848,614,1197,1247,8.207427404381274,40.52602063719412,-73.730668677648,6,254,Afternoon
0,7,76.42193028182079,43.732876246535454,7,1846,1563,539,1812,1785,1963,12.24422672614117,40.886252813229824,-73.81496159113013,7,287,Morning
0,8,5.507738077022463,5.312845873903582,8,715,1670,835,1691,591,1488,12.458370120309644,40.62184550766935,-74.24139673159617,8,106,Afternoon
0,9,35.04773031546898,27.983628615990455,9,852,1070,1315,1280,862,520,7.0035914354871265,40.77369321060486,-74.03590850375623,9,232,Afternoon
0,10,40.749441551910486,23.783495141695056,0,1718,1420,1237,1855,669,1473,14.095245109478183,40.54881529393791,-74.00289385393324,10,334,Morning
0,11,28.41834503828972,14.99485147118286,1,1020,1986,539,1784,1918,1607,13.573600920924987,40.51375540844609,-73.75440775875273,11,144,Afternoon
0,12,15.712286945593966,10.393941530015727,2,1454,1749,1483,1647,1474,1545,14.645204722702086,40.60351199264001,-73.90248662938761,12,413,Afternoon
0,13,30.93748148852125,20.192682713163254,3,537,827,1774,1699,1413,1982,12.600940784380972,40.62468443043576,-73.98795918729331,13,348,Evening
0,14,52.51420555936662,47.43093667606336,4,953,536,1839,1472,1295,1348,9.422987623809103,40.71868411173731,-74.18908732668469,14,130,Afternoon
0,15,28.28841827013714,19.544131940933987,5,1472,1092,1637,1563,1824,1905,8.119519904951304,40.88783385110583,-73.83492030598333,15,122,Afternoon
0,16,43.442922237422,28.345577978451477,6,723,817,848,614,1197,1247,8.207427404381274,40.87579957662568,-73.76310358974341,16,493,Afternoon
0,17,45.51896691472013,36.635853150283005,7,1846,1563,539,1812,1785,1963,12.24422672614117,40.73915999152443,-73.74687545898614,17,259,Evening
0,18,27.11526466741992,21.363332107068228,8,715,1670,835,1691,591,1488,12.458370120309644,40.535397000820765,-74.18241028254852,18,462,Morning
0,19,67.11532407894137,48.73019372244323,9,852,1070,1315,1280,862,520,7.0035914354871265,40.518090915564215,-74.10480180154204,19,257,Evening
0,20,49.27977041161758,48.310128272395005,0,1718,1420,1237,1855,669,1473,14.095245109478183,40.65547091587579,-74.13719058093567,20,138,Evening
0,21,21.589821568719536,16.330203312141386,1,1020,1986,539,1784,1918,1607,13.573600920924987,40.83149500366077,-74.08594800398384,21,181,Morning
0,22,33.16482205002302,27.376182765157346,2,1454,1749,1483,1647,1474,1545,14.645204722702086,40.61237380387495,-73.97438235010505,22,455,Evening
0,23,24.61116894331833,18.539523941754634,3,537,827,1774,1699,1413,1982,12.600940784380972,40.55636968998991,-73.81868181154758,23,357,Morning
0,24,19.95172262366157,17.81782224698604,4,953,536,1839,1472,1295,1348,9.422987623809103,40.52982025747191,-73.70786783803969,24,305,Evening
0,25,12.5907465161627,6.659912630953976,5,1472,1092,1637,1563,1824,1905,8.119519904951304,40.80889790771866,-74.1807705910795,25,176,Morning
0,26,51.68083278414309,32.43039502909536,6,723,817,848,614,1197,1247,8.207427404381274,40.50220884684944,-73.8107231429271,26,111,Afternoon
0,27,46.37773971172151,27.62055604529877,7,1846,1563,539,1812,1785,1963,12.24422672614117,40.78274293753905,-73.86259569917542,27,394,Evening
0,28,13.090549744152304,7.316543806249521,8,715,1670,835,1691,591,1488,12.458370120309644,40.80850813867438,-74.25557320895955,28,323,Evening
0,29,26.28131392139846,17.539090890647515,9,852,1070,1315,1280,862,520,7.0035914354871265,40.643386291417706,-74.23047856428492,29,112,Evening
0,30,49.85916927000557,45.87196486849942,0,1718,1420,1237,1855,669,1473,14.095245109478183,40.84524137035024,-73.92602112390347,30,145,Evening
0,31,24.25597942825077,15.780285080013758,1,1020,1986,539,1784,1918,1607,13.573600920924987,40.63235920994106,-74.26186498982838,31,254,Afternoon
0,32,18.280836927217187,11.52026924410504,2,1454,1749,1483,1647,1474,1545,14.645204722702086,40.62439292868626,-74.10489000678395,32,212,Evening
0,33,47.17115495508388,27.02537421249033,3,537,827,1774,1699,1413,1982,12.600940784380972,40.79184247133522,-73.91746551718687,33,332,Afternoon
0,34,70.6585124154361,49.35427043497703,4,953,536,1839,1472,1295,1348,9.422987623809103,40.85488509703053,-74.01667104490284,34,116,Afternoon
0,35,17.92005554946682,15.892487218017518,5,1472,1092,1637,1563,1824,1905,8.119519904951304,40.54783769837532,-73.8720531276662,35,459,Afternoon
0,36,45.24809348256626,35.246099633264535,6,723,817,848,614,1197,1247,8.207427404381274,40.80431401944676,-73.9632336814583,36,322,Afternoon
0,37,53.53217112299628,39.27288268979229,7,1846,1563,539,1812,1785,1963,12.24422672614117,40.808386871981824,-74.00372264218136,37,453,Morning
0,38,25.830514094673443,15.693689479657984,8,715,1670,835,1691,591,1488,12.458370120309644,40.7090931317528,-74.04347538898487,38,287,Morning
0,39,59.327881391057055,37.76973568753368,9,852,1070,1315,1280,862,520,7.0035914354871265,40.51016765069764,-74.23526514380401,39,443,Evening
0,40,29.224211224935686,21.5502409723664,0,1718,1420,1237,1855,669,1473,14.095245109478183,40.512571674274696,-73.91815375324174,40,464,Morning
0,41,66.45640909083343,33.45376237671108,1,1020,1986,539,1784,1918,1607,13.573600920924987,40.62574239243053,-73.99485758530118,41,262,Morning
0,42,53.80764665522778,33.50883698424026,2,1454,1749,1483,1647,1474,1545,14.645204722702086,40.86302658957044,-74.15042466251067,42,425,Evening
0,43,36.015499664883045,29.10986078336413,3,537,827,1774,1699,1413,1982,12.600940784380972,40.66415316921425,-73.84666931687417,43,173,Evening
0,44,9.985498237731337,9.063039652448374,4,953,536,1839,1472,1295,1348,9.422987623809103,40.59151926619665,-74.25381205410272,44,332,Evening
0,45,49.09867091698065,42.58861230151571,5,1472,1092,1637,1563,1824,1905,8.119519904951304,40.61590058116551,-74.2032672276476,45,323,Morning
0,46,24.21531668976739,19.435102923728117,6,723,817,848,614,1197,1247,8.207427404381274,40.87187906093703,-73.81512777226135,46,418,Morning
0,47,15.545392101813109,13.39333296799344,7,1846,1563,539,1812,1785,1963,12.24422672614117,40.75336150260417,-73.77712364588737,47,159,Evening
0,48,8.110044846902342,6.834881369964377,8,715,1670,835,1691,591,1488,12.458370120309644,40.82146883075964,-74.18805796466837,48,434,Afternoon
0,49,40.59639083626161,31.59018244347088,9,852,1070,1315,1280,862,520,7.0035914354871265,40.85702359939599,-73.97639465485061,49,321,Evening
1,0,41.64349388490516,35.49039628290271,0,1718,1420,1237,1855,669,1473,14.095245109478183,40.74474115788895,-74.21630368360877,0,144,Morning
1,1,10.899672040231026,5.746452301753527,1,1020,1986,539,1784,1918,1607,13.573600920924987,40.61685785941409,-74.08018289402378,1,444,Morning
1,2,30.29427784053632,28.044187623467643,2,1454,1749,1483,1647,1474,1545,14.645204722702086,40.682427993686815,-73.8288944231642,2,280,Afternoon
1,3,23.16084945189729,15.192309883907209,3,537,827,1774,1699,1413,1982,12.600940784380972,40.57986951286335,-73.99145933695183,3,269,Afternoon
1,4,47.99971867535824,34.032775568425244,4,953,536,1839,1472,1295,1348,9.422987623809103,40.736965827544815,-74.272129752368,4,455,Evening
1,5,25.466605701022377,12.846489305224615,5,1472,1092,1637,1563,1824,1905,8.119519904951304,40.74301794076057,-74.19768552578762,5,290,Morning
1,6,40.13592847940772,36.09219821461097,6,723,817,848,614,1197,1247,8.207427404381274,40.52602063719412,-73.730668677648,6,254,Afternoon
1,7,31.316285608108213,22.403090583524182,7,1846,1563,539,1812,1785,1963,12.24422672614117,40.886252813229824,-73.81496159113013,7,287,Morning
1,8,92.8661429214484,47.152849493153056,8,715,1670,835,1691,591,1488,12.458370120309644,40.62184550766935,-74.24139673159617,8,106,Afternoon
1,9,20.87211918635073,11.188442486569697,9,852,1070,1315,1280,862,520,7.0035914354871265,40.77369321060486,-74.03590850375623,9,232,Afternoon
1,10,36.97375669227672,20.347985797261632,0,1718,1420,1237,1855,669,1473,14.095245109478183,40.54881529393791,-74.00289385393324,10,334,Morning
1,11,12.712753977572342,10.106308455826507,1,1020,1986,539,1784,1918,1607,13.573600920924987,40.51375540844609,-73.75440775875273,11,144,Afternoon
1,12,54.57649052710329,46.61121282253532,2,1454,1749,1483,1647,1474,1545,14.645204722702086,40.60351199264001,-73.90248662938761,12,413,Afternoon
1,13,74.22170246126478,44.48027090214415,3,537,827,1774,1699,1413,1982,12.600940784380972,40.62468443043576,-73.98795918729331,13,348,Evening
1,14,32.041867185592785,16.607373247182004,4,953,536,1839,1472,1295,1348,9.422987623809103,40.71868411173731,-74.18908732668469,14,130,Afternoon
1,15,54.01855474319397,34.69928207153806,5,1472,1092,1637,1563,1824,1905,8.119519904951304,40.88783385110583,-73.83492030598333,15,122,Afternoon
1,16,65.65411854522287,41.77499900905471,6,723,817,848,614,1197,1247,8.207427404381274,40.87579957662568,-73.76310358974341,16,493,Afternoon
1,17,38.37893989167545,29.984036521975806,7,1846,1563,539,1812,1785,1963,12.24422672614117,40.73915999152443,-73.74687545898614,17,259,Evening
1,18,51.02204766174859,28.83427602602029,8,715,1670,835,1691,591,1488,12.458370120309644,40.535397000820765,-74.18241028254852,18,462,Morning
1,19,18.85423499223397,15.883353090520323,9,852,1070,1315,1280,862,520,7.0035914354871265,40.518090915564215,-74.10480180154204,19,257,Evening
1,20,12.16411520886076,9.189624551265464,0,1718,1420,1237,1855,669,1473,14.095245109478183,40.65547091587579,-74.13719058093567,20,138,Evening
1,21,64.67876375402045,45.3747091078997,1,1020,1986,539,1784,1918,1607,13.573600920924987,40.83149500366077,-74.08594800398384,21,181,Morning
1,22,68.62463425946713,45.51881257234987,2,1454,1749,1483,1647,1474,1545,14.645204722702086,40.61237380387495,-73.97438235010505,22,455,Evening
1,23,41.60776220758692,33.48956557729706,3,537,827,1774,1699,1413,1982,12.600940784380972,40.55636968998991,-73.81868181154758,23,357,Morning
1,24,22.58251443220883,20.25634059719153,4,953,536,1839,1472,1295,1348,9.422987623809103,40.52982025747191,-73.70786783803969,24,305,Evening
1,25,33.363077506973234,20.714430857569734,5,1472,1092,1637,1563,1824,1905,8.119519904951304,40.80889790771866,-74.1807705910795,25,176,Morning
1,26,48.54014283027208,37.668005549160775,6,723,817,848,614,1197,1247,8.207427404381274,40.50220884684944,-73.8107231429271,26,111,Afternoon
1,27,71.74071754114561,45.36996169786597,7,1846,1563,539,1812,1785,1963,12.24422672614117,40.78274293753905,-73.86259569917542,27,394,Evening
1,28,51.852690779261394,44.91888909193028,8,715,1670,835,1691,591,1488,12.458370120309644,40.80850813867438,-74.25557320895955,28,323,Evening
1,29,59.38542305342799,40.09439956359307,9,852,1070,1315,1280,862,520,7.0035914354871265,40.643386291417706,-74.23047856428492,29,112,Evening
1,30,51.94163839444715,33.891424076942954,0,1718,1420,1237,1855,669,1473,14.095245109478183,40.84524137035024,-73.92602112390347,30,145,Evening
1,31,9.24163548472647,8.786298424777197,1,1020,1986,539,1784,1918,1607,13.573600920924987,40.63235920994106,-74.26186498982838,31,254,Afternoon
1,32,16.40453477417253,12.27329213425762,2,1454,1749,1483,1647,1474,1545,14.645204722702086,40.62439292868626,-74.10489000678395,32,212,Evening
1,33,51.54206106174977,45.43493848371857,3,537,827,1774,1699,1413,1982,12.600940784380972,40.79184247133522,-73.91746551718687,33,332,Afternoon
1,34,34.33564160578435,32.289307684681546,4,953,536,1839,1472,1295,1348,9.422987623809103,40.85488509703053,-74.01667104490284,34,116,Afternoon
1,35,10.773380675704606,5.413867322748335,5,1472,1092,1637,1563,1824,1905,8.119519904951304,40.54783769837532,-73.8720531276662,35,459,Afternoon
1,36,12.649927043772289,9.566219428971444,6,723,817,848,614,1197,1247,8.207427404381274,40.80431401944676,-73.9632336814583,36,322,Afternoon
1,37,63.087842580233726,34.85757960986251,7,1846,1563,539,1812,1785,1963,12.24422672614117,40.808386871981824,-74.00372264218136,37,453,Morning
1,38,6.558974373012087,5.227771273079841,8,715,1670,835,1691,591,1488,12.458370120309644,40.7090931317528,-74.04347538898487,38,287,Morning
1,39,20.575476540751875,12.236362313787438,9,852,1070,1315,1280,862,520,7.0035914354871265,40.51016765069764,-74.23526514380401,39,443,Evening
1,40,52.26648196621411,29.693020521496376,0,1718,1420,1237,1855,669,1473,14.095245109478183,40.512571674274696,-73.91815375324174,40,464,Morning
1,41,57.65885888759352,36.1352838961712,1,1020,1986,539,1784,1918,1607,13.573600920924987,40.62574239243053,-73.99485758530118,41,262,Morning
1,42,50.53136088310469,34.338256677617025,2,1454,1749,1483,1647,1474,1545,14.645204722702086,40.86302658957044,-74.15042466251067,42,425,Evening
1,43,21.307670980515145,15.09211892572519,3,537,827,1774,1699,1413,1982,12.600940784380972,40.66415316921425,-73.84666931687417,43,173,Evening
1,44,49.97295916222957,37.04806496063912,4,953,536,1839,1472,1295,1348,9.422987623809103,40.59151926619665,-74.25381205410272,44,332,Evening
1,45,30.247702015946647,15.676208937356003,5,1472,1092,1637,1563,1824,1905,8.119519904951304,40.61590058116551,-74.2032672276476,45,323,Morning
1,46,35.95883216217675,19.642986417167048,6,723,817,848,614,1197,1247,8.207427404381274,40.87187906093703,-73.81512777226135,46,418,Morning
1,47,75.83454103705044,38.592113230311085,7,1846,1563,539,1812,1785,1963,12.24422672614117,40.75336150260417,-73.77712364588737,47,159,Evening
1,48,38.48860702819191,34.23348045712466,8,715,1670,835,1691,591,1488,12.458370120309644,40.82146883075964,-74.18805796466837,48,434,Afternoon
1,49,74.79953049428308,43.215053472238,9,852,1070,1315,1280,862,520,7.0035914354871265,40.85702359939599,-73.97639465485061,49,321,Evening
2,0,67.05219761738351,34.592580153515456,0,1718,1420,1237,1855,669,1473,14.095245109478183,40.74474115788895,-74.21630368360877,0,144,Morning
2,1,36.114886462911045,30.573887150096223,1,1020,1986,539,1784,1918,1607,13.573600920924987,40.61685785941409,-74.08018289402378,1,444,Morning
2,2,9.828151897413845,9.215364552264164,2,1454,1749,1483,1647,1474,1545,14.645204722702086,40.682427993686815,-73.8288944231642,2,280,Afternoon
2,3,37.51629424641784,21.54721113767451,3,537,827,1774,1699,1413,1982,12.600940784380972,40.57986951286335,-73.99145933695183,3,269,Afternoon
2,4,26.662295451893403,16.934106545677643,4,953,536,1839,1472,1295,1348,9.422987623809103,40.736965827544815,-74.272129752368,4,455,Evening
2,5,29.431565472087662,15.97953395205876,5,1472,1092,1637,1563,1824,1905,8.119519904951304,40.74301794076057,-74.19768552578762,5,290,Morning
2,6,55.60433674440112,48.78547496386005,6,723,817,848,614,1197,1247,8.207427404381274,40.52602063719412,-73.730668677648,6,254,Afternoon
2,7,40.73353385503249,22.689397610004217,7,1846,1563,539,1812,1785,1963,12.24422672614117,40.886252813229824,-73.81496159113013,7,287,Morning
2,8,54.2439746157271,45.1420949829701,8,715,1670,835,1691,591,1488,12.458370120309644,40.62184550766935,-74.24139673159617,8,106,Afternoon
2,9,38.86754929544998,33.401238169876834,9,852,1070,1315,1280,862,520,7.0035914354871265,40.77369321060486,-74.03590850375623,9,232,Afternoon
2,10,47.46305173316701,40.76650865937418,0,1718,1420,1237,1855,669,1473,14.095245109478183,40.54881529393791,-74.00289385393324,10,334,Morning
2,11,50.116138918124015,27.618669189733644,1,1020,1986,539,1784,1918,1607,13.573600920924987,40.51375540844609,-73.75440775875273,11,144,Afternoon
2,12,51.555629641470446,30.96067480818616,2,1454,1749,1483,1647,1474,1545,14.645204722702086,40.60351199264001,-73.90248662938761,12,413,Afternoon
2,13,41.37147729825967,27.163296221848874,3,537,827,1774,1699,1413,1982,12.600940784380972,40.62468443043576,-73.98795918729331,13,348,Evening
2,14,18.732747984027625,13.785934450912002,4,953,536,1839,1472,1295,1348,9.422987623809103,40.71868411173731,-74.18908732668469,14,130,Afternoon
2,15,70.41444027068677,37.510345186767736,5,1472,1092,1637,1563,1824,1905,8.119519904951304,40.88783385110583,-73.83492030598333,15,122,Afternoon
2,16,24.555430144225085,17.63475630983851,6,723,817,848,614,1197,1247,8.207427404381274,40.87579957662568,-73.76310358974341,16,493,Afternoon
2,17,11.070753891889376,6.094218489415423,7,1846,1563,539,1812,1785,1963,12.24422672614117,40.73915999152443,-73.74687545898614,17,259,Evening
2,18,48.99715165282478,34.046253315822554,8,715,1670,835,1691,591,1488,12.458370120309644,40.535397000820765,-74.18241028254852,18,462,Morning
2,19,17.85894250017839,12.9699805733172,9,852,1070,1315,1280,862,520,7.0035914354871265,40.518090915564215,-74.10480180154204,19,257,Evening
2,20,69.21493815500882,47.32063629588114,0,1718,1420,1237,1855,669,1473,14.095245109478183,40.65547091587579,-74.13719058093567,20,138,Evening
2,21,62.37085883480305,47.92678596511643,1,1020,1986,539,1784,1918,1607,13.573600920924987,40.83149500366077,-74.08594800398384,21,181,Morning
2,22,80.68519844811294,46.16889755992018,2,1454,1749,1483,1647,1474,1545,14.645204722702086,40.61237380387495,-73.97438235010505,22,455,Evening
2,23,32.54462814044179,21.657141511495,3,537,827,1774,1699,1413,1982,12.600940784380972,40.55636968998991,-73.81868181154758,23,357,Morning
2,24,7.018126235723982,5.695547743799034,4,953,536,1839,1472,1295,1348,9.422987623809103,40.52982025747191,-73.70786783803969,24,305,Evening
2,25,88.85133804894261,46.77433531644764,5,1472,1092,1637,1563,1824,1905,8.119519904951304,40.80889790771866,-74.1807705910795,25,176,Morning
2,26,33.5846688863034,24.268286674279143,6,723,817,848,614,1197,1247,8.207427404381274,40.50220884684944,-73.8107231429271,26,111,Afternoon
2,27,74.8614908295716,48.49946685696513,7,1846,1563,539,1812,1785,1963,12.24422672614117,40.78274293753905,-73.86259569917542,27,394,Evening
2,28,92.20251808982576,48.36289896901638,8,715,1670,835,1691,591,1488,12.458370120309644,40.80850813867438,-74.25557320895955,28,323,Evening
2,29,70.46825655954954,43.3854254960312,9,852,1070,1315,1280,862,520,7.0035914354871265,40.643386291417706,-74.23047856428492,29,112,Evening
2,30,20.38361278239892,18.250200143131355,0,1718,1420,1237,1855,669,1473,14.095245109478183,40.84524137035024,-73.92602112390347,30,145,Evening
2,31,43.3152831283343,22.32939778708664,1,1020,1986,539,1784,1918,1607,13.573600920924987,40.63235920994106,-74.26186498982838,31,254,Afternoon
2,32,70.48163091751465,43.30115021825856,2,1454,1749,1483,1647,1474,1545,14.645204722702086,40.62439292868626,-74.10489000678395,32,212,Evening
2,33,25.7122714574028,19.261490232032493,3,537,827,1774,1699,1413,1982,12.600940784380972,40.79184247133522,-73.91746551718687,33,332,Afternoon
2,34,14.385786240148317,12.627173600874162,4,953,536,1839,1472,1295,1348,9.422987623809103,40.85488509703053,-74.01667104490284,34,116,Afternoon
2,35,53.92132300840164,30.05605681062576,5,1472,1092,1637,1563,1824,1905,8.119519904951304,40.54783769837532,-73.8720531276662,35,459,Afternoon
2,36,76.34911180240569,47.12696483723514,6,723,817,848,614,1197,1247,8.207427404381274,40.80431401944676,-73.9632336814583,36,322,Afternoon
2,37,55.69736300245837,36.32134085037379,7,1846,1563,539,1812,1785,1963,12.24422672614117,40.808386871981824,-74.00372264218136,37,453,Morning
2,38,58.05302090154673,30.652752654021423,8,715,1670,835,1691,591,1488,12.458370120309644,40.7090931317528,-74.04347538898487,38,287,Morning
2,39,16.764418315096513,9.372942219684584,9,852,1070,1315,1280,862,520,7.0035914354871265,40.51016765069764,-74.23526514380401,39,443,Evening
2,40,37.63135122162302,32.67532520146264,0,1718,1420,1237,1855,669,1473,14.095245109478183,40.512571674274696,-73.91815375324174,40,464,Morning
2,41,64.9990070959246,49.552423254691846,1,1020,1986,539,1784,1918,1607,13.573600920924987,40.62574239243053,-73.99485758530118,41,262,Morning
2,42,14.112647424870524,11.30378068564358,2,1454,1749,1483,1647,1474,1545,14.645204722702086,40.86302658957044,-74.15042466251067,42,425,Evening
2,43,49.39698986352343,28.324834356368157,3,537,827,1774,1699,1413,1982,12.600940784380972,40.66415316921425,-73.84666931687417,43,173,Evening
2,44,45.97337089773784,44.48178823675799,4,953,536,1839,1472,1295,1348,9.422987623809103,40.59151926619665,-74.25381205410272,44,332,Evening
2,45,60.18107395934847,38.3345877989392,5,1472,1092,1637,1563,1824,1905,8.119519904951304,40.61590058116551,-74.2032672276476,45,323,Morning
2,46,64.09305853538267,36.36570834478706,6,723,817,848,614,1197,1247,8.207427404381274,40.87187906093703,-73.81512777226135,46,418,Morning
2,47,68.71173769776651,36.61178377941992,7,1846,1563,539,1812,1785,1963,12.24422672614117,40.75336150260417,-73.77712364588737,47,159,Evening
2,48,28.42140182304021,21.177101804888984,8,715,1670,835,1691,591,1488,12.458370120309644,40.82146883075964,-74.18805796466837,48,434,Afternoon
2,49,33.16806961650771,18.2116329919022,9,852,1070,1315,1280,862,520,7.0035914354871265,40.85702359939599,-73.97639465485061,49,321,Evening
3,0,46.00375705176892,41.42125199653312,0,1718,1420,1237,1855,669,1473,14.095245109478183,40.74474115788895,-74.21630368360877,0,144,Morning
3,1,76.54486949633176,41.455102760563136,1,1020,1986,539,1784,1918,1607,13.573600920924987,40.61685785941409,-74.08018289402378,1,444,Morning
3,2,49.63008269960364,44.01825433610467,2,1454,1749,1483,1647,1474,1545,14.645204722702086,40.682427993686815,-73.8288944231642,2,280,Afternoon
3,3,64.40911023181864,46.09582486504121,3,537,827,1774,1699,1413,1982,12.600940784380972,40.57986951286335,-73.99145933695183,3,269,Afternoon
3,4,50.34297639986913,28.0104079487422,4,953,536,1839,1472,1295,1348,9.422987623809103,40.736965827544815,-74.272129752368,4,455,Evening
3,5,31.7011918679526,27.568233260923986,5,1472,1092,1637,1563,1824,1905,8.119519904951304,40.74301794076057,-74.19768552578762,5,290,Morning
3,6,50.30500279102119,40.92328305350488,6,723,817,848,614,1197,1247,8.207427404381274,40.52602063719412,-73.730668677648,6,254,Afternoon
3,7,58.984355053484,34.24837688499943,7,1846,1563,539,1812,1785,1963,12.24422672614117,40.886252813229824,-73.81496159113013,7,287,Morning
3,8,62.93357311750853,36.588509476596656,8,715,1670,835,1691,591,1488,12.458370120309644,40.62184550766935,-74.24139673159617,8,106,Afternoon
3,9,66.97633467149029,40.81067012462455,9,852,1070,1315,1280,862,520,7.0035914354871265,40.77369321060486,-74.03590850375623,9,232,Afternoon
3,10,76.31278461760292,45.05024038179048,0,1718,1420,1237,1855,669,1473,14.095245109478183,40.54881529393791,-74.00289385393324,10,334,Morning
3,11,31.178124776096592,20.209782058319117,1,1020,1986,539,1784,1918,1607,13.573600920924987,40.51375540844609,-73.75440775875273,11,144,Afternoon
3,12,27.41594269406271,21.90123286879748,2,1454,1749,1483,1647,1474,1545,14.645204722702086,40.60351199264001,-73.90248662938761,12,413,Afternoon
3,13,12.419680363270867,9.229187292839104,3,537,827,1774,1699,1413,1982,12.600940784380972,40.62468443043576,-73.98795918729331,13,348,Evening
3,14,36.65624082627799,31.022606344827828,4,953,536,1839,1472,1295,1348,9.422987623809103,40.71868411173731,-74.18908732668469,14,130,Afternoon
3,15,12.628985173803114,6.617402320853394,5,1472,1092,1637,1563,1824,1905,8.119519904951304,40.88783385110583,-73.83492030598333,15,122,Afternoon
3,16,41.09204264449432,25.95191081596071,6,723,817,848,614,1197,1247,8.207427404381274,40.87579957662568,-73.76310358974341,16,493,Afternoon
3,17,41.21165982363655,29.419008561840947,7,1846,1563,539,1812,1785,1963,12.24422672614117,40.73915999152443,-73.74687545898614,17,259,Evening
3,18,26.161652829996044,17.8943563457728,8,715,1670,835,1691,591,1488,12.458370120309644,40.535397000820765,-74.18241028254852,18,462,Morning
3,19,61.50980611381432,31.587496725605483,9,852,1070,1315,1280,862,520,7.0035914354871265,40.518090915564215,-74.10480180154204,19,257,Evening
3,20,7.349744788397122,6.372511247257224,0,1718,1420,1237,1855,669,1473,14.095245109478183,40.65547091587579,-74.13719058093567,20,138,Evening
3,21,10.597075662544896,6.6806684937146485,1,1020,1986,539,1784,1918,1607,13.573600920924987,40.83149500366077,-74.08594800398384,21,181,Morning
3,22,63.272962613785054,42.01702522968462,2,1454,1749,1483,1647,1474,1545,14.645204722702086,40.61237380387495,-73.97438235010505,22,455,Evening
3,23,34.17665423714783,21.20857886350683,3,537,827,1774,1699,1413,1982,12.600940784380972,40.55636968998991,-73.81868181154758,23,357,Morning
3,24,10.911823004261333,10.717723069334816,4,953,536,1839,1472,1295,1348,9.422987623809103,40.52982025747191,-73.70786783803969,24,305,Evening
3,25,53.35730374922994,28.5009467024662,5,1472,1092,1637,1563,1824,1905,8.119519904951304,40.80889790771866,-74.1807705910795,25,176,Morning
3,26,76.60792937255347,39.64970988943749,6,723,817,848,614,1197,1247,8.207427404381274,40.50220884684944,-73.8107231429271,26,111,Afternoon
3,27,23.026155251269323,14.711946237357942,7,1846,1563,539,1812,1785,1963,12.24422672614117,40.78274293753905,-73.86259569917542,27,394,Evening
3,28,56.04049787363639,33.03007141185501,8,715,1670,835,1691,591,1488,12.458370120309644,40.80850813867438,-74.25557320895955,28,323,Evening
3,29,16.996117094487126,8.84063592471956,9,852,1070,1315,1280,862,520,7.0035914354871265,40.643386291417706,-74.23047856428492,29,112,Evening
3,30,12.506679569575676,7.325677452587346,0,1718,1420,1237,1855,669,1473,14.095245109478183,40.84524137035024,-73.92602112390347,30,145,Evening
3,31,33.321008347773905,28.91095842056666,1,1020,1986,539,1784,1918,1607,13.573600920924987,40.63235920994106,-74.26186498982838,31,254,Afternoon
3,32,46.23030001894618,29.328580472454792,2,1454,1749,1483,1647,1474,1545,14.645204722702086,40.62439292868626,-74.10489000678395,32,212,Evening
3,33,54.12114485073224,33.6843455674193,3,537,827,1774,1699,1413,1982,12.600940784380972,40.79184247133522,-73.91746551718687,33,332,Afternoon
3,34,53.65285558997038,37.67411001751977,4,953,536,1839,1472,1295,1348,9.422987623809103,40.85488509703053,-74.01667104490284,34,116,Afternoon
3,35,84.9352934973539,48.91334357581406,5,1472,1092,1637,1563,1824,1905,8.119519904951304,40.54783769837532,-73.8720531276662,35,459,Afternoon
3,36,54.61398142988644,28.23351567355379,6,723,817,848,614,1197,1247,8.207427404381274,40.80431401944676,-73.9632336814583,36,322,Afternoon
3,37,37.61220925461304,19.533041282356063,7,1846,1563,539,1812,1785,1963,12.24422672614117,40.808386871981824,-74.00372264218136,37,453,Morning
3,38,59.1701316105568,40.78337876459167,8,715,1670,835,1691,591,1488,12.458370120309644,40.7090931317528,-74.04347538898487,38,287,Morning
3,39,19.133724705757757,17.187451306793342,9,852,1070,1315,1280,862,520,7.0035914354871265,40.51016765069764,-74.23526514380401,39,443,Evening
3,40,49.132191239072505,24.753713931753623,0,1718,1420,1237,1855,669,1473,14.095245109478183,40.512571674274696,-73.91815375324174,40,464,Morning
3,41,15.68678846061911,8.530537160401968,1,1020,1986,539,1784,1918,1607,13.573600920924987,40.62574239243053,-73.99485758530118,41,262,Morning
3,42,6.906309983721938,6.1407834536955885,2,1454,1749,1483,1647,1474,1545,14.645204722702086,40.86302658957044,-74.15042466251067,42,425,Evening
3,43,92.81350210477272,48.31917866050663,3,537,827,1774,1699,1413,1982,12.600940784380972,40.66415316921425,-73.84666931687417,43,173,Evening
3,44,79.69331018490215,42.61910542304926,4,953,536,1839,1472,1295,1348,9.422987623809103,40.59151926619665,-74.25381205410272,44,332,Evening
3,45,55.16243528032493,36.31883927421641,5,1472,1092,1637,1563,1824,1905,8.119519904951304,40.61590058116551,-74.2032672276476,45,323,Morning
3,46,37.24043204571416,23.402882498642143,6,723,817,848,614,1197,1247,8.207427404381274,40.87187906093703,-73.81512777226135,46,418,Morning
3,47,17.904778524850858,12.79824440318806,7,1846,1563,539,1812,1785,1963,12.24422672614117,40.75336150260417,-73.77712364588737,47,159,Evening
3,48,12.69897881162036,12.039666920198872,8,715,1670,835,1691,591,1488,12.458370120309644,40.82146883075964,-74.18805796466837,48,434,Afternoon
3,49,21.71154943991748,16.26093041740679,9,852,1070,1315,1280,862,520,7.0035914354871265,40.85702359939599,-73.97639465485061,49,321,Evening
4,0,53.57215063672364,29.71519991177542,0,1718,1420,1237,1855,669,1473,14.095245109478183,40.74474115788895,-74.21630368360877,0,144,Morning
4,1,37.32892775040821,37.156816521502805,1,1020,1986,539,1784,1918,1607,13.573600920924987,40.61685785941409,-74.08018289402378,1,444,Morning
4,2,46.28426533371496,34.70888195229791,2,1454,1749,1483,1647,1474,1545,14.645204722702086,40.682427993686815,-73.8288944231642,2,280,Afternoon
4,3,24.6036099622676,17.59702536256743,3,537,827,1774,1699,1413,1982,12.600940784380972,40.57986951286335,-73.99145933695183,3,269,Afternoon
4,4,73.74723378972523,47.96893762984374,4,953,536,1839,1472,1295,1348,9.422987623809103,40.736965827544815,-74.272129752368,4,455,Evening
4,5,73.34877737540515,38.20536125130958,5,1472,1092,1637,1563,1824,1905,8.119519904951304,40.74301794076057,-74.19768552578762,5,290,Morning
4,6,40.31758608449661,29.945932363013032,6,723,817,848,614,1197,1247,8.207427404381274,40.52602063719412,-73.730668677648,6,254,Afternoon
4,7,43.81293081078311,32.527433580545846,7,1846,1563,539,1812,1785,1963,12.24422672614117,40.886252813229824,-73.81496159113013,7,287,Morning
4,8,41.49500968843334,23.882002809250547,8,715,1670,835,1691,591,1488,12.458370120309644,40.62184550766935,-74.24139673159617,8,106,Afternoon
4,9,23.45026214050748,16.147894527552086,9,852,1070,1315,1280,862,520,7.0035914354871265,40.77369321060486,-74.03590850375623,9,232,Afternoon
4,10,25.73968777470388,21.01877053930677,0,1718,1420,1237,1855,669,1473,14.095245109478183,40.54881529393791,-74.00289385393324,10,334,Morning
4,11,56.79485129002951,39.10307497089661,1,1020,1986,539,1784,1918,1607,13.573600920924987,40.51375540844609,-73.75440775875273,11,144,Afternoon
4,12,6.44322616669462,5.647706988339014,2,1454,1749,1483,1647,1474,1545,14.645204722702086,40.60351199264001,-73.90248662938761,12,413,Afternoon
4,13,12.026520402709927,10.223268822811232,3,537,827,1774,1699,1413,1982,12.600940784380972,40.62468443043576,-73.98795918729331,13,348,Evening
4,14,10.593638295679336,7.070118890978874,4,953,536,1839,1472,1295,1348,9.422987623809103,40.71868411173731,-74.18908732668469,14,130,Afternoon
4,15,9.695228283742937,6.8327961043536565,5,1472,1092,1637,1563,1824,1905,8.119519904951304,40.88783385110583,-73.83492030598333,15,122,Afternoon
4,16,83.28761318218652,43.495726280495326,6,723,817,848,614,1197,1247,8.207427404381274,40.87579957662568,-73.76310358974341,16,493,Afternoon
4,17,49.9516323563998,36.664603672101066,7,1846,1563,539,1812,1785,1963,12.24422672614117,40.73915999152443,-73.74687545898614,17,259,Evening
4,18,41.62925511318734,26.337822308929635,8,715,1670,835,1691,591,1488,12.458370120309644,40.535397000820765,-74.18241028254852,18,462,Morning
4,19,15.347425735212187,9.402537229295069,9,852,1070,1315,1280,862,520,7.0035914354871265,40.518090915564215,-74.10480180154204,19,257,Evening
4,20,27.477871586267508,27.122714380257456,0,1718,1420,1237,1855,669,1473,14.095245109478183,40.65547091587579,-74.13719058093567,20,138,Evening
4,21,43.76139619806158,26.30622968512545,1,1020,1986,539,1784,1918,1607,13.573600920924987,40.83149500366077,-74.08594800398384,21,181,Morning
4,22,15.07189128708797,12.794084145950684,2,1454,1749,1483,1647,1474,1545,14.645204722702086,40.61237380387495,-73.97438235010505,22,455,Evening
4,23,48.0919632051064,24.523324215708787,3,537,827,1774,1699,1413,1982,12.600940784380972,40.55636968998991,-73.81868181154758,23,357,Morning
4,24,26.34195272435932,22.932713047881805,4,953,536,1839,1472,1295,1348,9.422987623809103,40.52982025747191,-73.70786783803969,24,305,Evening
4,25,46.27695885732944,32.71325441234974,5,1472,1092,1637,1563,1824,1905,8.119519904951304,40.80889790771866,-74.1807705910795,25,176,Morning
4,26,36.44518908295553,33.579214289043975,6,723,817,848,614,1197,1247,8.207427404381274,40.50220884684944,-73.8107231429271,26,111,Afternoon
4,27,14.055359737092516,7.038680439742003,7,1846,1563,539,1812,1785,1963,12.24422672614117,40.78274293753905,-73.86259569917542,27,394,Evening
4,28,32.83432907411237,21.857567658191204,8,715,1670,835,1691,591,1488,12.458370120309644,40.80850813867438,-74.25557320895955,28,323,Evening
4,29,52.90886404782575,33.16369620714064,9,852,1070,1315,1280,862,520,7.0035914354871265,40.643386291417706,-74.23047856428492,29,112,Evening
4,30,29.495201377283625,27.641131636103943,0,1718,1420,1237,1855,669,1473,14.095245109478183,40.84524137035024,-73.92602112390347,30,145,Evening
4,31,76.19685379400741,43.542042853474506,1,1020,1986,539,1784,1918,1607,13.573600920924987,40.63235920994106,-74.26186498982838,31,254,Afternoon
4,32,41.912597871927154,34.64121342285253,2,1454,1749,1483,1647,1474,1545,14.645204722702086,40.62439292868626,-74.10489000678395,32,212,Evening
4,33,23.406898917079847,12.332049218664336,3,537,827,1774,1699,1413,1982,12.600940784380972,40.79184247133522,-73.91746551718687,33,332,Afternoon
4,34,9.852731971623918,8.175593633019343,4,953,536,1839,1472,1295,1348,9.422987623809103,40.85488509703053,-74.01667104490284,34,116,Afternoon
4,35,40.37487217682274,33.9088675192842,5,1472,1092,1637,1563,1824,1905,8.119519904951304,40.54783769837532,-73.8720531276662,35,459,Afternoon
4,36,6.419361395366585,6.193008974372981,6,723,817,848,614,1197,1247,8.207427404381274,40.80431401944676,-73.9632336814583,36,322,Afternoon
4,37,46.163873895586754,31.35990115730585,7,1846,1563,539,1812,1785,1963,12.24422672614117,40.808386871981824,-74.00372264218136,37,453,Morning
4,38,74.03319870967772,47.31036086412309,8,715,1670,835,1691,591,1488,12.458370120309644,40.7090931317528,-74.04347538898487,38,287,Morning
4,39,32.92649433800313,30.896338004414552,9,852,1070,1315,1280,862,520,7.0035914354871265,40.51016765069764,-74.23526514380401,39,443,Evening
4,40,39.89192716123153,22.467646679293487,0,1718,1420,1237,1855,669,1473,14.095245109478183,40.512571674274696,-73.91815375324174,40,464,Morning
4,41,49.33620551616514,33.947969829905894,1,1020,1986,539,1784,1918,1607,13.573600920924987,40.62574239243053,-73.99485758530118,41,262,Morning
4,42,39.05698246868063,25.62138007211825,2,1454,1749,1483,1647,1474,1545,14.645204722702086,40.86302658957044,-74.15042466251067,42,425,Evening
4,43,42.57850922146107,29.552755519217072,3,537,827,1774,1699,1413,1982,12.600940784380972,40.66415316921425,-73.84666931687417,43,173,Evening
4,44,66.34842603054604,47.36591639494363,4,953,536,1839,1472,1295,1348,9.422987623809103,40.59151926619665,-74.25381205410272,44,332,Evening
4,45,34.89635772377703,22.37461870103484,5,1472,1092,1637,1563,1824,1905,8.119519904951304,40.61590058116551,-74.2032672276476,45,323,Morning
4,46,55.74447227987341,48.25357537207614,6,723,817,848,614,1197,1247,8.207427404381274,40.87187906093703,-73.81512777226135,46,418,Morning
4,47,54.06231327851843,45.74077888802287,7,1846,1563,539,1812,1785,1963,12.24422672614117,40.75336150260417,-73.77712364588737,47,159,Evening
4,48,25.712378481336007,13.81060106551834,8,715,1670,835,1691,591,1488,12.458370120309644,40.82146883075964,-74.18805796466837,48,434,Afternoon
4,49,15.80490681547698,8.121258539382445,9,852,1070,1315,1280,862,520,7.0035914354871265,40.85702359939599,-73.97639465485061,49,321,Evening
5,0,13.094518148944085,9.5350100619842,0,1718,1420,1237,1855,669,1473,14.095245109478183,40.74474115788895,-74.21630368360877,0,144,Morning
5,1,7.395711320392352,5.819982154319738,1,1020,1986,539,1784,1918,1607,13.573600920924987,40.61685785941409,-74.08018289402378,1,444,Morning
5,2,15.206886011714976,9.249933234016778,2,1454,1749,1483,1647,1474,1545,14.645204722702086,40.682427993686815,-73.8288944231642,2,280,Afternoon
5,3,50.34154499162894,35.73530480373606,3,537,827,1774,1699,1413,1982,12.600940784380972,40.57986951286335,-73.99145933695183,3,269,Afternoon
5,4,8.411745874707607,8.203489180710305,4,953,536,1839,1472,1295,1348,9.422987623809103,40.736965827544815,-74.272129752368,4,455,Evening
5,5,22.3760656425602,19.35390336321926,5,1472,1092,1637,1563,1824,1905,8.119519904951304,40.74301794076057,-74.19768552578762,5,290,Morning
5,6,73.82007681504467,43.019388993625455,6,723,817,848,614,1197,1247,8.207427404381274,40.52602063719412,-73.730668677648,6,254,Afternoon
5,7,10.031906421054774,6.047237108112164,7,1846,1563,539,1812,1785,1963,12.24422672614117,40.886252813229824,-73.81496159113013,7,287,Morning
5,8,42.77965911445443,41.65108171650211,8,715,1670,835,1691,591,1488,12.458370120309644,40.62184550766935,-74.24139673159617,8,106,Afternoon
5,9,21.60870179130867,17.683464864802996,9,852,1070,1315,1280,862,520,7.0035914354871265,40.77369321060486,-74.03590850375623,9,232,Afternoon
5,10,12.701512333709134,10.317417242974532,0,1718,1420,1237,1855,669,1473,14.095245109478183,40.54881529393791,-74.00289385393324,10,334,Morning
5,11,60.77860521154782,36.353172441386775,1,1020,1986,539,1784,1918,1607,13.573600920924987,40.51375540844609,-73.75440775875273,11,144,Afternoon
5,12,33.95883687157224,33.302428105094776,2,1454,1749,1483,1647,1474,1545,14.645204722702086,40.60351199264001,-73.90248662938761,12,413,Afternoon
5,13,49.11764003631552,44.48624060871738,3,537,827,1774,1699,1413,1982,12.600940784380972,40.62468443043576,-73.98795918729331,13,348,Evening
5,14,68.5375592304263,38.07819697117486,4,953,536,1839,1472,1295,1348,9.422987623809103,40.71868411173731,-74.18908732668469,14,130,Afternoon
5,15,48.50494058080975,41.156641867318186,5,1472,1092,1637,1563,1824,1905,8.119519904951304,40.88783385110583,-73.83492030598333,15,122,Afternoon
5,16,29.2396499336196,17.69155576570879,6,723,817,848,614,1197,1247,8.207427404381274,40.87579957662568,-73.76310358974341,16,493,Afternoon
5,17,16.077530355551414,12.984779470087528,7,1846,1563,539,1812,1785,1963,12.24422672614117,40.73915999152443,-73.74687545898614,17,259,Evening
5,18,42.63376872243481,38.77766382383862,8,715,1670,835,1691,591,1488,12.458370120309644,40.535397000820765,-74.18241028254852,18,462,Morning
5,19,51.35241393151837,41.30756326702688,9,852,1070,1315,1280,862,520,7.0035914354871265,40.518090915564215,-74.10480180154204,19,257,Evening
5,20,85.37747599481222,49.5727313900303,0,1718,1420,1237,1855,669,1473,14.095245109478183,40.65547091587579,-74.13719058093567,20,138,Evening
5,21,43.73467479805539,23.567795461014192,1,1020,1986,539,1784,1918,1607,13.573600920924987,40.83149500366077,-74.08594800398384,21,181,Morning
5,22,39.79046939966121,21.74081386067524,2,1454,1749,1483,1647,1474,1545,14.645204722702086,40.61237380387495,-73.97438235010505,22,455,Evening
5,23,55.80153068998808,39.938583233389856,3,537,827,1774,1699,1413,1982,12.600940784380972,40.55636968998991,-73.81868181154758,23,357,Morning
5,24,33.92244508225541,20.336159311385803,4,953,536,1839,1472,1295,1348,9.422987623809103,40.52982025747191,-73.70786783803969,24,305,Evening
5,25,56.49457968587774,46.88407965216041,5,1472,1092,1637,1563,1824,1905,8.119519904951304,40.80889790771866,-74.1807705910795,25,176,Morning
5,26,56.41819122658561,43.62857383293553,6,723,817,848,614,1197,1247,8.207427404381274,40.50220884684944,-73.8107231429271,26,111,Afternoon
5,27,46.08993239453508,24.304731231875827,7,1846,1563,539,1812,1785,1963,12.24422672614117,40.78274293753905,-73.86259569917542,27,394,Evening
5,28,39.29353223671429,38.78919805061738,8,715,1670,835,1691,591,1488,12.458370120309644,40.80850813867438,-74.25557320895955,28,323,Evening
5,29,42.28536535641906,38.95442933381071,9,852,1070,1315,1280,862,520,7.0035914354871265,40.643386291417706,-74.23047856428492,29,112,Evening
5,30,11.64471694422835,9.640574097616968,0,1718,1420,1237,1855,669,1473,14.095245109478183,40.84524137035024,-73.92602112390347,30,145,Evening
5,31,46.82514411766148,45.6148808005805,1,1020,1986,539,1784,1918,1607,13.573600920924987,40.63235920994106,-74.26186498982838,31,254,Afternoon
5,32,32.768714716737875,27.736356760153573,2,1454,1749,1483,1647,1474,1545,14.645204722702086,40.62439292868626,-74.10489000678395,32,212,Evening
5,33,66.78945107984997,42.190585974848375,3,537,827,1774,1699,1413,1982,12.600940784380972,40.79184247133522,-73.91746551718687,33,332,Afternoon
5,34,27.578808967013536,19.402232046377527,4,953,536,1839,1472,1295,1348,9.422987623809103,40.85488509703053,-74.01667104490284,34,116,Afternoon
5,35,85.7352752088035,45.29854528232902,5,1472,1092,1637,1563,1824,1905,8.119519904951304,40.54783769837532,-73.8720531276662,35,459,Afternoon
5,36,40.91806164418611,22.51407554303734,6,723,817,848,614,1197,1247,8.207427404381274,40.80431401944676,-73.9632336814583,36,322,Afternoon
5,37,7.3634834548457135,5.487694316613426,7,1846,1563,539,1812,1785,1963,12.24422672614117,40.808386871981824,-74.00372264218136,37,453,Morning
5,38,57.6087846460506,45.74218893886687,8,715,1670,835,1691,591,1488,12.458370120309644,40.7090931317528,-74.04347538898487,38,287,Morning
5,39,12.566101112625477,9.10790045537601,9,852,1070,1315,1280,862,520,7.0035914354871265,40.51016765069764,-74.23526514380401,39,443,Evening
5,40,30.802603544695973,19.36911369156867,0,1718,1420,1237,1855,669,1473,14.095245109478183,40.512571674274696,-73.91815375324174,40,464,Morning
5,41,60.5535748666748,47.75278851728622,1,1020,1986,539,1784,1918,1607,13.573600920924987,40.62574239243053,-73.99485758530118,41,262,Morning
5,42,77.59748471639526,47.77732161219002,2,1454,1749,1483,1647,1474,1545,14.645204722702086,40.86302658957044,-74.15042466251067,42,425,Evening
5,43,43.41651012075654,30.804704965547877,3,537,827,1774,1699,1413,1982,12.600940784380972,40.66415316921425,-73.84666931687417,43,173,Evening
5,44,51.889088280007925,33.43267454764097,4,953,536,1839,1472,1295,1348,9.422987623809103,40.59151926619665,-74.25381205410272,44,332,Evening
5,45,36.16173564000157,25.18004848902439,5,1472,1092,1637,1563,1824,1905,8.119519904951304,40.61590058116551,-74.2032672276476,45,323,Morning
5,46,23.55213749084989,18.194484726412902,6,723,817,848,614,1197,1247,8.207427404381274,40.87187906093703,-73.81512777226135,46,418,Morning
5,47,38.559704948635975,19.789904541646216,7,1846,1563,539,1812,1785,1963,12.24422672614117,40.75336150260417,-73.77712364588737,47,159,Evening
5,48,62.19061403255667,35.26333052346673,8,715,1670,835,1691,591,1488,12.458370120309644,40.82146883075964,-74.18805796466837,48,434,Afternoon
5,49,44.30121101436652,38.8568538246956,9,852,1070,1315,1280,862,520,7.0035914354871265,40.85702359939599,-73.97639465485061,49,321,Evening
6,0,75.89914409120344,40.62105696766319,0,1718,1420,1237,1855,669,1473,14.095245109478183,40.74474115788895,-74.21630368360877,0,144,Morning
6,1,60.289775704588216,40.53281642575492,1,1020,1986,539,1784,1918,1607,13.573600920924987,40.61685785941409,-74.08018289402378,1,444,Morning
6,2,17.248523788145732,9.104274637191066,2,1454,1749,1483,1647,1474,1545,14.645204722702086,40.682427993686815,-73.8288944231642,2,280,Afternoon
6,3,49.04410056270722,27.248913711616165,3,537,827,1774,1699,1413,1982,12.600940784380972,40.57986951286335,-73.99145933695183,3,269,Afternoon
6,4,10.8175760157763,7.590144200748993,4,953,536,1839,1472,1295,1348,9.422987623809103,40.736965827544815,-74.272129752368,4,455,Evening
6,5,30.39678527111706,29.7287997045681,5,1472,1092,1637,1563,1824,1905,8.119519904951304,40.74301794076057,-74.19768552578762,5,290,Morning
6,6,31.55057557258765,24.868872561801965,6,723,817,848,614,1197,1247,8.207427404381274,40.52602063719412,-73.730668677648,6,254,Afternoon
6,7,69.29135240200345,44.94668822412349,7,1846,1563,539,1812,1785,1963,12.24422672614117,40.886252813229824,-73.81496159113013,7,287,Morning
6,8,33.96193244975352,20.79117556484354,8,715,1670,835,1691,591,1488,12.458370120309644,40.62184550766935,-74.24139673159617,8,106,Afternoon
6,9,12.916010552227144,10.268015739242264,9,852,1070,1315,1280,862,520,7.0035914354871265,40.77369321060486,-74.03590850375623,9,232,Afternoon
6,10,13.028110237359606,11.434625692377614,0,1718,1420,1237,1855,669,1473,14.095245109478183,40.54881529393791,-74.00289385393324,10,334,Morning
6,11,72.05400095421014,39.26797842728625,1,1020,1986,539,1784,1918,1607,13.573600920924987,40.51375540844609,-73.75440775875273,11,144,Afternoon
6,12,65.12770818829794,32.81981284923175,2,1454,1749,1483,1647,1474,1545,14.645204722702086,40.60351199264001,-73.90248662938761,12,413,Afternoon
6,13,14.57113524910562,9.550520425525562,3,537,827,1774,1699,1413,1982,12.600940784380972,40.62468443043576,-73.98795918729331,13,348,Evening
6,14,10.292975542812602,8.784806275174883,4,953,536,1839,1472,1295,1348,9.422987623809103,40.71868411173731,-74.18908732668469,14,130,Afternoon
6,15,46.49470390546791,36.5436109156604,5,1472,1092,1637,1563,1824,1905,8.119519904951304,40.88783385110583,-73.83492030598333,15,122,Afternoon
6,16,8.426505910285973,8.274335286388709,6,723,817,848,614,1197,1247,8.207427404381274,40.87579957662568,-73.76310358974341,16,493,Afternoon
6,17,80.36935191246964,41.98370266806603,7,1846,1563,539,1812,1785,1963,12.24422672614117,40.73915999152443,-73.74687545898614,17,259,Evening
6,18,41.11189105286205,36.780900222042334,8,715,1670,835,1691,591,1488,12.458370120309644,40.535397000820765,-74.18241028254852,18,462,Morning
6,19,13.653728560094017,8.66069512888549,9,852,1070,1315,1280,862,520,7.0035914354871265,40.518090915564215,-74.10480180154204,19,257,Evening
6,20,11.234233067799355,8.817697133833637,0,1718,1420,1237,1855,669,1473,14.095245109478183,40.65547091587579,-74.13719058093567,20,138,Evening
6,21,76.77449883188812,49.3987810325529,1,1020,1986,539,1784,1918,1607,13.573600920924987,40.83149500366077,-74.08594800398384,21,181,Morning
6,22,36.07063097119433,21.842185809025416,2,1454,1749,1483,1647,1474,1545,14.645204722702086,40.61237380387495,-73.97438235010505,22,455,Evening
6,23,39.666783400219735,21.678896618010093,3,537,827,1774,1699,1413,1982,12.600940784380972,40.55636968998991,-73.81868181154758,23,357,Morning
6,24,50.158147301579895,41.575980526587614,4,953,536,1839,1472,1295,1348,9.422987623809103,40.52982025747191,-73.70786783803969,24,305,Evening
6,25,48.14987536299165,47.62618598227364,5,1472,1092,1637,1563,1824,1905,8.119519904951304,40.80889790771866,-74.1807705910795,25,176,Morning
6,26,56.12809798151908,49.37004787202919,6,723,817,848,614,1197,1247,8.207427404381274,40.50220884684944,-73.8107231429271,26,111,Afternoon
6,27,73.91456004515632,38.902018336652375,7,1846,1563,539,1812,1785,1963,12.24422672614117,40.78274293753905,-73.86259569917542,27,394,Evening
6,28,41.09756006395012,21.93168134889121,8,715,1670,835,1691,591,1488,12.458370120309644,40.80850813867438,-74.25557320895955,28,323,Evening
6,29,13.989396761129443,8.757532251440095,9,852,1070,1315,1280,862,520,7.0035914354871265,40.643386291417706,-74.23047856428492,29,112,Evening
6,30,63.97523769108276,39.97161121673466,0,1718,1420,1237,1855,669,1473,14.095245109478183,40.84524137035024,-73.92602112390347,30,145,Evening
6,31,50.16454334919835,30.128191238111228,1,1020,1986,539,1784,1918,1607,13.573600920924987,40.63235920994106,-74.26186498982838,31,254,Afternoon
6,32,28.31468283741448,24.08999041611393,2,1454,1749,1483,1647,1474,1545,14.645204722702086,40.62439292868626,-74.10489000678395,32,212,Evening
6,33,87.65316452263232,45.78594732926312,3,537,827,1774,1699,1413,1982,12.600940784380972,40.79184247133522,-73.91746551718687,33,332,Afternoon
6,34,14.193219589678256,10.00388670377681,4,953,536,1839,1472,1295,1348,9.422987623809103,40.85488509703053,-74.01667104490284,34,116,Afternoon
6,35,37.577286918990126,27.168129693088662,5,1472,1092,1637,1563,1824,1905,8.119519904951304,40.54783769837532,-73.8720531276662,35,459,Afternoon
6,36,8.370624868966798,5.510914014533858,6,723,817,848,614,1197,1247,8.207427404381274,40.80431401944676,-73.9632336814583,36,322,Afternoon
6,37,27.3150582299412,26.08972888973568,7,1846,1563,539,1812,1785,1963,12.24422672614117,40.808386871981824,-74.00372264218136,37,453,Morning
6,38,8.786367675320095,7.53364740568268,8,715,1670,835,1691,591,1488,12.458370120309644,40.7090931317528,-74.04347538898487,38,287,Morning
6,39,17.983097053975776,10.346806232063235,9,852,1070,1315,1280,862,520,7.0035914354871265,40.51016765069764,-74.23526514380401,39,443,Evening
6,40,11.14057019516763,10.28868110496972,0,1718,1420,1237,1855,669,1473,14.095245109478183,40.512571674274696,-73.91815375324174,40,464,Morning
6,41,54.85098948694247,34.21446359522286,1,1020,1986,539,1784,1918,1607,13.573600920924987,40.62574239243053,-73.99485758530118,41,262,Morning
6,42,48.03563022630426,38.57201956694405,2,1454,1749,1483,1647,1474,1545,14.645204722702086,40.86302658957044,-74.15042466251067,42,425,Evening
6,43,43.41770307254544,31.251594429372183,3,537,827,1774,1699,1413,1982,12.600940784380972,40.66415316921425,-73.84666931687417,43,173,Evening
6,44,62.24102684488651,48.29776468135439,4,953,536,1839,1472,1295,1348,9.422987623809103,40.59151926619665,-74.25381205410272,44,332,Evening
6,45,29.647445341280772,21.86917607856668,5,1472,1092,1637,1563,1824,1905,8.119519904951304,40.61590058116551,-74.2032672276476,45,323,Morning
6,46,30.69707816522285,17.857043882683733,6,723,817,848,614,1197,1247,8.207427404381274,40.87187906093703,-73.81512777226135,46,418,Morning
6,47,57.18615418868169,44.086960768525714,7,1846,1563,539,1812,1785,1963,12.24422672614117,40.75336150260417,-73.77712364588737,47,159,Evening
6,48,23.592893356842072,15.061812733375367,8,715,1670,835,1691,591,1488,12.458370120309644,40.82146883075964,-74.18805796466837,48,434,Afternoon
6,49,71.35967776468036,48.34501427482751,9,852,1070,1315,1280,862,520,7.0035914354871265,40.85702359939599,-73.97639465485061,49,321,Evening
7,0,9.22830303503423,5.546951361041735,0,1718,1420,1237,1855,669,1473,14.095245109478183,40.74474115788895,-74.21630368360877,0,144,Morning
7,1,94.21620567651792,48.64454720184376,1,1020,1986,539,1784,1918,1607,13.573600920924987,40.61685785941409,-74.08018289402378,1,444,Morning
7,2,12.027855148414126,6.9421960377759255,2,1454,1749,1483,1647,1474,1545,14.645204722702086,40.682427993686815,-73.8288944231642,2,280,Afternoon
7,3,54.7955607300234,45.1014401164132,3,537,827,1774,1699,1413,1982,12.600940784380972,40.57986951286335,-73.99145933695183,3,269,Afternoon
7,4,29.64295745723817,28.74654990888349,4,953,536,1839,1472,1295,1348,9.422987623809103,40.736965827544815,-74.272129752368,4,455,Evening
7,5,62.7135893943596,49.68341582536851,5,1472,1092,1637,1563,1824,1905,8.119519904951304,40.74301794076057,-74.19768552578762,5,290,Morning
7,6,13.272396883193007,8.320845413092949,6,723,817,848,614,1197,1247,8.207427404381274,40.52602063719412,-73.730668677648,6,254,Afternoon
7,7,31.462280186199077,29.92344279805944,7,1846,1563,539,1812,1785,1963,12.24422672614117,40.886252813229824,-73.81496159113013,7,287,Morning
7,8,72.75125312922091,48.61861410285945,8,715,1670,835,1691,591,1488,12.458370120309644,40.62184550766935,-74.24139673159617,8,106,Afternoon
7,9,45.5729415731969,28.539402987656697,9,852,1070,1315,1280,862,520,7.0035914354871265,40.77369321060486,-74.03590850375623,9,232,Afternoon
7,10,44.46092740600681,33.32293871608681,0,1718,1420,1237,1855,669,1473,14.095245109478183,40.54881529393791,-74.00289385393324,10,334,Morning
7,11,64.29950400156478,36.308691004307775,1,1020,1986,539,1784,1918,1607,13.573600920924987,40.51375540844609,-73.75440775875273,11,144,Afternoon
7,12,28.16773693690007,25.4543479145498,2,1454,1749,1483,1647,1474,1545,14.645204722702086,40.60351199264001,-73.90248662938761,12,413,Afternoon
7,13,35.73770200461738,33.24011360378286,3,537,827,1774,1699,1413,1982,12.600940784380972,40.62468443043576,-73.98795918729331,13,348,Evening
7,14,54.08218785896363,31.29414403653951,4,953,536,1839,1472,1295,1348,9.422987623809103,40.71868411173731,-74.18908732668469,14,130,Afternoon
7,15,68.12278564588277,45.552110472094505,5,1472,1092,1637,1563,1824,1905,8.119519904951304,40.88783385110583,-73.83492030598333,15,122,Afternoon
7,16,11.894941968625451,7.045087115365604,6,723,817,848,614,1197,1247,8.207427404381274,40.87579957662568,-73.76310358974341,16,493,Afternoon
7,17,25.31515164358952,17.643343531650366,7,1846,1563,539,1812,1785,1963,12.24422672614117,40.73915999152443,-73.74687545898614,17,259,Evening
7,18,59.538776443702425,47.76851678344514,8,715,1670,835,1691,591,1488,12.458370120309644,40.535397000820765,-74.18241028254852,18,462,Morning
7,19,81.9721526561526,45.06187027509124,9,852,1070,1315,1280,862,520,7.0035914354871265,40.518090915564215,-74.10480180154204,19,257,Evening
7,20,45.89329922933735,25.50455387535708,0,1718,1420,1237,1855,669,1473,14.095245109478183,40.65547091587579,-74.13719058093567,20,138,Evening
7,21,55.76562597729446,32.90596690106915,1,1020,1986,539,1784,1918,1607,13.573600920924987,40.83149500366077,-74.08594800398384,21,181,Morning
7,22,22.239836225134223,17.48215323415097,2,1454,1749,1483,1647,1474,1545,14.645204722702086,40.61237380387495,-73.97438235010505,22,455,Evening
7,23,21.41317501193207,13.46545218756926,3,537,827,1774,1699,1413,1982,12.600940784380972,40.55636968998991,-73.81868181154758,23,357,Morning
7,24,35.20353361762203,25.8664282222992,4,953,536,1839,1472,1295,1348,9.422987623809103,40.52982025747191,-73.70786783803969,24,305,Evening
7,25,22.814993462380063,20.900850261172376,5,1472,1092,1637,1563,1824,1905,8.119519904951304,40.80889790771866,-74.1807705910795,25,176,Morning
7,26,59.943898276704594,31.26452503328924,6,723,817,848,614,1197,1247,8.207427404381274,40.50220884684944,-73.8107231429271,26,111,Afternoon
7,27,9.66075141522305,8.498058663424317,7,1846,1563,539,1812,1785,1963,12.24422672614117,40.78274293753905,-73.86259569917542,27,394,Evening
7,28,95.26473857668576,48.84776634497749,8,715,1670,835,1691,591,1488,12.458370120309644,40.80850813867438,-74.25557320895955,28,323,Evening
7,29,71.4030182089699,49.37948350158213,9,852,1070,1315,1280,862,520,7.0035914354871265,40.643386291417706,-74.23047856428492,29,112,Evening
7,30,43.15931430645762,36.417277130888536,0,1718,1420,1237,1855,669,1473,14.095245109478183,40.84524137035024,-73.92602112390347,30,145,Evening
7,31,44.90684201873604,29.12433648548542,1,1020,1986,539,1784,1918,1607,13.573600920924987,40.63235920994106,-74.26186498982838,31,254,Afternoon
7,32,35.452509879932315,18.92874273288475,2,1454,1749,1483,1647,1474,1545,14.645204722702086,40.62439292868626,-74.10489000678395,32,212,Evening
7,33,72.09654378281192,41.62077588681269,3,537,827,1774,1699,1413,1982,12.600940784380972,40.79184247133522,-73.91746551718687,33,332,Afternoon
7,34,64.6981987272526,35.812902764924566,4,953,536,1839,1472,1295,1348,9.422987623809103,40.85488509703053,-74.01667104490284,34,116,Afternoon
7,35,20.4324991694356,12.31776227052011,5,1472,1092,1637,1563,1824,1905,8.119519904951304,40.54783769837532,-73.8720531276662,35,459,Afternoon
7,36,77.83071550614144,45.99172330222291,6,723,817,848,614,1197,1247,8.207427404381274,40.80431401944676,-73.9632336814583,36,322,Afternoon
7,37,77.69243143670889,42.0141759315426,7,1846,1563,539,1812,1785,1963,12.24422672614117,40.808386871981824,-74.00372264218136,37,453,Morning
7,38,59.66039553491252,47.74099609813658,8,715,1670,835,1691,591,1488,12.458370120309644,40.7090931317528,-74.04347538898487,38,287,Morning
7,39,56.087838676056,37.6573778774762,9,852,1070,1315,1280,862,520,7.0035914354871265,40.51016765069764,-74.23526514380401,39,443,Evening
7,40,39.81592651555636,32.60368381711054,0,1718,1420,1237,1855,669,1473,14.095245109478183,40.512571674274696,-73.91815375324174,40,464,Morning
7,41,47.34811366608421,23.82093663307785,1,1020,1986,539,1784,1918,1607,13.573600920924987,40.62574239243053,-73.99485758530118,41,262,Morning
7,42,91.31787507395752,46.972781750930594,2,1454,1749,1483,1647,1474,1545,14.645204722702086,40.86302658957044,-74.15042466251067,42,425,Evening
7,43,45.70658527655923,43.97287502751838,3,537,827,1774,1699,1413,1982,12.600940784380972,40.66415316921425,-73.84666931687417,43,173,Evening
7,44,11.998448710606672,7.034840154778523,4,953,536,1839,1472,1295,1348,9.422987623809103,40.59151926619665,-74.25381205410272,44,332,Evening
7,45,11.910575384956257,6.18651385237634,5,1472,1092,1637,1563,1824,1905,8.119519904951304,40.61590058116551,-74.2032672276476,45,323,Morning
7,46,25.90282834322998,21.940851509512232,6,723,817,848,614,1197,1247,8.207427404381274,40.87187906093703,-73.81512777226135,46,418,Morning
7,47,65.03037146261967,41.47489988518248,7,1846,1563,539,1812,1785,1963,12.24422672614117,40.75336150260417,-73.77712364588737,47,159,Evening
7,48,94.67765573652596,49.4274258191725,8,715,1670,835,1691,591,1488,12.458370120309644,40.82146883075964,-74.18805796466837,48,434,Afternoon
7,49,12.168262177983188,11.768760099658769,9,852,1070,1315,1280,862,520,7.0035914354871265,40.85702359939599,-73.97639465485061,49,321,Evening
8,0,53.86912962970018,31.73588219084608,0,1718,1420,1237,1855,669,1473,14.095245109478183,40.74474115788895,-74.21630368360877,0,144,Morning
8,1,28.723421901401885,22.14008854839597,1,1020,1986,539,1784,1918,1607,13.573600920924987,40.61685785941409,-74.08018289402378,1,444,Morning
8,2,93.614461941673,48.646147901657145,2,1454,1749,1483,1647,1474,1545,14.645204722702086,40.682427993686815,-73.8288944231642,2,280,Afternoon
8,3,84.5492363343657,42.89535154110689,3,537,827,1774,1699,1413,1982,12.600940784380972,40.57986951286335,-73.99145933695183,3,269,Afternoon
8,4,83.06838077999532,42.724791712001206,4,953,536,1839,1472,1295,1348,9.422987623809103,40.736965827544815,-74.272129752368,4,455,Evening
8,5,38.46400645718073,26.09119219077366,5,1472,1092,1637,1563,1824,1905,8.119519904951304,40.74301794076057,-74.19768552578762,5,290,Morning
8,6,44.06873551661678,23.666877605194934,6,723,817,848,614,1197,1247,8.207427404381274,40.52602063719412,-73.730668677648,6,254,Afternoon
8,7,31.9168252465012,17.30331823688178,7,1846,1563,539,1812,1785,1963,12.24422672614117,40.886252813229824,-73.81496159113013,7,287,Morning
8,8,9.941924860236549,7.536897349291721,8,715,1670,835,1691,591,1488,12.458370120309644,40.62184550766935,-74.24139673159617,8,106,Afternoon
8,9,80.31226343572789,43.9125069314774,9,852,1070,1315,1280,862,520,7.0035914354871265,40.77369321060486,-74.03590850375623,9,232,Afternoon
8,10,43.11934304668931,41.58054541085349,0,1718,1420,1237,1855,669,1473,14.095245109478183,40.54881529393791,-74.00289385393324,10,334,Morning
8,11,79.79321379078682,49.98729529787588,1,1020,1986,539,1784,1918,1607,13.573600920924987,40.51375540844609,-73.75440775875273,11,144,Afternoon
8,12,61.31428945897008,49.84865766832574,2,1454,1749,1483,1647,1474,1545,14.645204722702086,40.60351199264001,-73.90248662938761,12,413,Afternoon
8,13,33.610761376295834,29.99442675211824,3,537,827,1774,1699,1413,1982,12.600940784380972,40.62468443043576,-73.98795918729331,13,348,Evening
8,14,42.652121653750974,39.60443368312297,4,953,536,1839,1472,1295,1348,9.422987623809103,40.71868411173731,-74.18908732668469,14,130,Afternoon
8,15,80.59824153391536,47.51445784470926,5,1472,1092,1637,1563,1824,1905,8.119519904951304,40.88783385110583,-73.83492030598333,15,122,Afternoon
8,16,57.928331824819125,43.23413258048352,6,723,817,848,614,1197,1247,8.207427404381274,40.87579957662568,-73.76310358974341,16,493,Afternoon
8,17,27.821634267576027,16.130664578443895,7,1846,1563,539,1812,1785,1963,12.24422672614117,40.73915999152443,-73.74687545898614,17,259,Evening
8,18,26.92633401530203,25.27448608895421,8,715,1670,835,1691,591,1488,12.458370120309644,40.535397000820765,-74.18241028254852,18,462,Morning
8,19,14.221147574640677,10.812173681817274,9,852,1070,1315,1280,862,520,7.0035914354871265,40.518090915564215,-74.10480180154204,19,257,Evening
8,20,73.79135266447138,47.93229622664251,0,1718,1420,1237,1855,669,1473,14.095245109478183,40.65547091587579,-74.13719058093567,20,138,Evening
8,21,57.800709017398994,32.2778585502896,1,1020,1986,539,1784,1918,1607,13.573600920924987,40.83149500366077,-74.08594800398384,21,181,Morning
8,22,20.16230975623993,15.288926247655825,2,1454,1749,1483,1647,1474,1545,14.645204722702086,40.61237380387495,-73.97438235010505,22,455,Evening
8,23,57.27451264668942,35.22653079826355,3,537,827,1774,1699,1413,1982,12.600940784380972,40.55636968998991,-73.81868181154758,23,357,Morning
8,24,61.88981355887998,32.81577082060531,4,953,536,1839,1472,1295,1348,9.422987623809103,40.52982025747191,-73.70786783803969,24,305,Evening
8,25,34.12270375609786,21.11732231147782,5,1472,1092,1637,1563,1824,1905,8.119519904951304,40.80889790771866,-74.1807705910795,25,176,Morning
8,26,12.465333289241558,10.110091648983309,6,723,817,848,614,1197,1247,8.207427404381274,40.50220884684944,-73.8107231429271,26,111,Afternoon
8,27,36.08020869747855,35.22079380167598,7,1846,1563,539,1812,1785,1963,12.24422672614117,40.78274293753905,-73.86259569917542,27,394,Evening
8,28,53.1367024189021,28.413846540670697,8,715,1670,835,1691,591,1488,12.458370120309644,40.80850813867438,-74.25557320895955,28,323,Evening
8,29,40.59987875550681,39.754327628103766,9,852,1070,1315,1280,862,520,7.0035914354871265,40.643386291417706,-74.23047856428492,29,112,Evening
8,30,53.25532071559755,28.407357550039706,0,1718,1420,1237,1855,669,1473,14.095245109478183,40.84524137035024,-73.92602112390347,30,145,Evening
8,31,66.27662300469778,43.34816751433431,1,1020,1986,539,1784,1918,1607,13.573600920924987,40.63235920994106,-74.26186498982838,31,254,Afternoon
8,32,57.85365105708311,29.83580774485185,2,1454,1749,1483,1647,1474,1545,14.645204722702086,40.62439292868626,-74.10489000678395,32,212,Evening
8,33,54.399178056671545,30.242208719092385,3,537,827,1774,1699,1413,1982,12.600940784380972,40.79184247133522,-73.91746551718687,33,332,Afternoon
8,34,88.80699666695378,44.44941211962553,4,953,536,1839,1472,1295,1348,9.422987623809103,40.85488509703053,-74.01667104490284,34,116,Afternoon
8,35,31.278067439901832,23.156728979557865,5,1472,1092,1637,1563,1824,1905,8.119519904951304,40.54783769837532,-73.8720531276662,35,459,Afternoon
8,36,19.49329784619372,11.030685280278831,6,723,817,848,614,1197,1247,8.207427404381274,40.80431401944676,-73.9632336814583,36,322,Afternoon
8,37,8.825464134549739,6.295220434100254,7,1846,1563,539,1812,1785,1963,12.24422672614117,40.808386871981824,-74.00372264218136,37,453,Morning
8,38,57.68729276097602,38.98117650531285,8,715,1670,835,1691,591,1488,12.458370120309644,40.7090931317528,-74.04347538898487,38,287,Morning
8,39,53.56760058323535,32.91392981090591,9,852,1070,1315,1280,862,520,7.0035914354871265,40.51016765069764,-74.23526514380401,39,443,Evening
8,40,68.73320223314299,36.68358956446506,0,1718,1420,1237,1855,669,1473,14.095245109478183,40.512571674274696,-73.91815375324174,40,464,Morning
8,41,28.93465760317381,14.583387267900983,1,1020,1986,539,1784,1918,1607,13.573600920924987,40.62574239243053,-73.99485758530118,41,262,Morning
8,42,19.692759530352756,11.13671640140464,2,1454,1749,1483,1647,1474,1545,14.645204722702086,40.86302658957044,-74.15042466251067,42,425,Evening
8,43,8.01677638371104,5.654509955054687,3,537,827,1774,1699,1413,1982,12.600940784380972,40.66415316921425,-73.84666931687417,43,173,Evening
8,44,29.53073868432948,20.776440146296864,4,953,536,1839,1472,1295,1348,9.422987623809103,40.59151926619665,-74.25381205410272,44,332,Evening
8,45,54.814285451223526,31.54629590845849,5,1472,1092,1637,1563,1824,1905,8.119519904951304,40.61590058116551,-74.2032672276476,45,323,Morning
8,46,28.0595188673382,22.65098202948796,6,723,817,848,614,1197,1247,8.207427404381274,40.87187906093703,-73.81512777226135,46,418,Morning
8,47,27.413576487975668,24.686371491067806,7,1846,1563,539,1812,1785,1963,12.24422672614117,40.75336150260417,-73.77712364588737,47,159,Evening
8,48,61.8888138595194,45.68714125221868,8,715,1670,835,1691,591,1488,12.458370120309644,40.82146883075964,-74.18805796466837,48,434,Afternoon
8,49,26.60915568767966,20.671496016048515,9,852,1070,1315,1280,862,520,7.0035914354871265,40.85702359939599,-73.97639465485061,49,321,Evening
9,0,36.46453429048994,28.129527012191485,0,1718,1420,1237,1855,669,1473,14.095245109478183,40.74474115788895,-74.21630368360877,0,144,Morning
9,1,49.67045813454851,40.26438557335144,1,1020,1986,539,1784,1918,1607,13.573600920924987,40.61685785941409,-74.08018289402378,1,444,Morning
9,2,23.80601992672205,22.84442520445716,2,1454,1749,1483,1647,1474,1545,14.645204722702086,40.682427993686815,-73.8288944231642,2,280,Afternoon
9,3,33.58363235244927,32.993901510254304,3,537,827,1774,1699,1413,1982,12.600940784380972,40.57986951286335,-73.99145933695183,3,269,Afternoon
9,4,87.07489628740699,43.80636689360353,4,953,536,1839,1472,1295,1348,9.422987623809103,40.736965827544815,-74.272129752368,4,455,Evening
9,5,68.1453673060719,47.72842806459389,5,1472,1092,1637,1563,1824,1905,8.119519904951304,40.74301794076057,-74.19768552578762,5,290,Morning
9,6,16.08353147912534,11.618306641806708,6,723,817,848,614,1197,1247,8.207427404381274,40.52602063719412,-73.730668677648,6,254,Afternoon
9,7,78.43355381854415,46.69644313226725,7,1846,1563,539,1812,1785,1963,12.24422672614117,40.886252813229824,-73.81496159113013,7,287,Morning
9,8,33.06978586899041,27.14523318857922,8,715,1670,835,1691,591,1488,12.458370120309644,40.62184550766935,-74.24139673159617,8,106,Afternoon
9,9,32.41029991176836,16.620997473453127,9,852,1070,1315,1280,862,520,7.0035914354871265,40.77369321060486,-74.03590850375623,9,232,Afternoon
9,10,45.83959418140371,25.66110903072176,0,1718,1420,1237,1855,669,1473,14.095245109478183,40.54881529393791,-74.00289385393324,10,334,Morning
9,11,53.491677167880034,49.10146588784647,1,1020,1986,539,1784,1918,1607,13.573600920924987,40.51375540844609,-73.75440775875273,11,144,Afternoon
9,12,38.51257117208936,27.16781422967913,2,1454,1749,1483,1647,1474,1545,14.645204722702086,40.60351199264001,-73.90248662938761,12,413,Afternoon
9,13,37.19493416674177,19.793822462937868,3,537,827,1774,1699,1413,1982,12.600940784380972,40.62468443043576,-73.98795918729331,13,348,Evening
9,14,65.15443170659833,33.50303844425266,4,953,536,1839,1472,1295,1348,9.422987623809103,40.71868411173731,-74.18908732668469,14,130,Afternoon
9,15,23.19455953243135,15.806552845018688,5,1472,1092,1637,1563,1824,1905,8.119519904951304,40.88783385110583,-73.83492030598333,15,122,Afternoon
9,16,13.575001037781163,8.413849764889877,6,723,817,848,614,1197,1247,8.207427404381274,40.87579957662568,-73.76310358974341,16,493,Afternoon
9,17,12.60348519992892,10.799587485979217,7,1846,1563,539,1812,1785,1963,12.24422672614117,40.73915999152443,-73.74687545898614,17,259,Evening
9,18,21.429081706489573,10.76206275309976,8,715,1670,835,1691,591,1488,12.458370120309644,40.535397000820765,-74.18241028254852,18,462,Morning
9,19,14.577599710252905,11.835621208053244,9,852,1070,1315,1280,862,520,7.0035914354871265,40.518090915564215,-74.10480180154204,19,257,Evening
9,20,21.850337044546464,11.247222769223455,0,1718,1420,1237,1855,669,1473,14.095245109478183,40.65547091587579,-74.13719058093567,20,138,Evening
9,21,55.82299262844265,33.83936351614466,1,1020,1986,539,1784,1918,1607,13.573600920924987,40.83149500366077,-74.08594800398384,21,181,Morning
9,22,21.197372651882283,13.184603797961516,2,1454,1749,1483,1647,1474,1545,14.645204722702086,40.61237380387495,-73.97438235010505,22,455,Evening
9,23,31.093354320405872,20.55502774957385,3,537,827,1774,1699,1413,1982,12.600940784380972,40.55636968998991,-73.81868181154758,23,357,Morning
9,24,55.81761811922527,45.35547844577053,4,953,536,1839,1472,1295,1348,9.422987623809103,40.52982025747191,-73.70786783803969,24,305,Evening
9,25,30.975952173933635,26.328273811829256,5,1472,1092,1637,1563,1824,1905,8.119519904951304,40.80889790771866,-74.1807705910795,25,176,Morning
9,26,42.76595665838533,35.04009823344622,6,723,817,848,614,1197,1247,8.207427404381274,40.50220884684944,-73.8107231429271,26,111,Afternoon
9,27,15.13230129418353,12.754394204073344,7,1846,1563,539,1812,1785,1963,12.24422672614117,40.78274293753905,-73.86259569917542,27,394,Evening
9,28,24.29667722175208,13.653005846390185,8,715,1670,835,1691,591,1488,12.458370120309644,40.80850813867438,-74.25557320895955,28,323,Evening
9,29,9.233625096619097,6.839087731991549,9,852,1070,1315,1280,862,520,7.0035914354871265,40.643386291417706,-74.23047856428492,29,112,Evening
9,30,13.331015750671892,12.602077838247403,0,1718,1420,1237,1855,669,1473,14.095245109478183,40.84524137035024,-73.92602112390347,30,145,Evening
9,31,34.53129677008831,17.536565256438138,1,1020,1986,539,1784,1918,1607,13.573600920924987,40.63235920994106,-74.26186498982838,31,254,Afternoon
9,32,24.42417275451555,12.965471792453606,2,1454,1749,1483,1647,1474,1545,14.645204722702086,40.62439292868626,-74.10489000678395,32,212,Evening
9,33,17.333604454867462,8.991614019067502,3,537,827,1774,1699,1413,1982,12.600940784380972,40.79184247133522,-73.91746551718687,33,332,Afternoon
9,34,20.80412404599818,10.428614199527036,4,953,536,1839,1472,1295,1348,9.422987623809103,40.85488509703053,-74.01667104490284,34,116,Afternoon
9,35,30.210246549164555,25.73504456147266,5,1472,1092,1637,1563,1824,1905,8.119519904951304,40.54783769837532,-73.8720531276662,35,459,Afternoon
9,36,19.945341434470134,14.285017328260665,6,723,817,848,614,1197,1247,8.207427404381274,40.80431401944676,-73.9632336814583,36,322,Afternoon
9,37,37.61249021405537,21.392143747163395,7,1846,1563,539,1812,1785,1963,12.24422672614117,40.808386871981824,-74.00372264218136,37,453,Morning
9,38,46.90137627870831,27.65377718846856,8,715,1670,835,1691,591,1488,12.458370120309644,40.7090931317528,-74.04347538898487,38,287,Morning
9,39,41.61844902481264,36.06776728832144,9,852,1070,1315,1280,862,520,7.0035914354871265,40.51016765069764,-74.23526514380401,39,443,Evening
9,40,12.29145848315098,6.769046292849453,0,1718,1420,1237,1855,669,1473,14.095245109478183,40.512571674274696,-73.91815375324174,40,464,Morning
9,41,50.16957652793956,40.97346795090692,1,1020,1986,539,1784,1918,1607,13.573600920924987,40.62574239243053,-73.99485758530118,41,262,Morning
9,42,40.69868813969625,33.255517527090845,2,1454,1749,1483,1647,1474,1545,14.645204722702086,40.86302658957044,-74.15042466251067,42,425,Evening
9,43,13.339641457034435,8.679156437699236,3,537,827,1774,1699,1413,1982,12.600940784380972,40.66415316921425,-73.84666931687417,43,173,Evening
9,44,70.58482211957747,44.31103808480498,4,953,536,1839,1472,1295,1348,9.422987623809103,40.59151926619665,-74.25381205410272,44,332,Evening
9,45,73.37803110583572,46.43925802393159,5,1472,1092,1637,1563,1824,1905,8.119519904951304,40.61590058116551,-74.2032672276476,45,323,Morning
9,46,8.457394702639926,7.748508193468869,6,723,817,848,614,1197,1247,8.207427404381274,40.87187906093703,-73.81512777226135,46,418,Morning
9,47,32.779516979160306,17.459494166624168,7,1846,1563,539,1812,1785,1963,12.24422672614117,40.75336150260417,-73.77712364588737,47,159,Evening
9,48,52.24277704479607,41.27905759068776,8,715,1670,835,1691,591,1488,12.458370120309644,40.82146883075964,-74.18805796466837,48,434,Afternoon
9,49,43.68024644413972,38.67168606726462,9,852,1070,1315,1280,862,520,7.0035914354871265,40.85702359939599,-73.97639465485061,49,321,Evening
